tile,region
h001v004,West
h001v005,West
h001v006,West
h001v007,West
h001v008,West
h001v009,Southwest
h001v010,Southwest
h002v001,Northwest
h002v002,Northwest
h002v003,Northwest
h002v004,West
h002v008,West
h002v009,Southwest
h002v010,Southwest
h002v011,Southwest
h002v012,Southwest
h003v001,Northwest
h003v002,Northwest
h003v003,Northwest
h003v012,Southwest
h003v013,Southwest
h004v001,Northwest
h004v002,Northwest
h004v013,Southwest
h015v018,Texas
h015v019,Texas
h016v017,Texas
h016v018,Texas
h016v019,Texas
h017v017,Texas
h017v018,Texas
h018v016,WestLouisiana
h018v017,WestLouisiana
h019v016,WestLouisiana
h019v017,WestLouisiana
h020v016,LouisianaDelta
h020v017,LouisianaDelta
h021v016,LouisianaDelta
h021v017,LouisianaDelta
h022v016,South
h023v016,South
h024v016,South
h025v016,South
h025v017,NorthFlorida
h025v018,CentralFlorida
h026v013,Southeast
h026v014,Southeast
h026v015,Southeast
h026v016,South
h026v017,NorthFlorida
h026v018,CentralFlorida
h026v019,SouthFlorida
h027v009,East
h027v010,East
h027v012,Southeast
h027v013,Southeast
h027v014,Southeast
h027v017,NorthFlorida
h027v018,CentralFlorida
h027v019,SouthFlorida
h027v020,SouthFlorida
h028v008,East
h028v009,East
h028v010,East
h028v011,Southeast
h028v012,Southeast
h028v013,Southeast
h029v006,Northeast
h029v007,East
h029v008,East
h029v009,East
h029v011,Southeast
h029v012,Southeast
h030v004,Northeast
h030v005,Northeast
h030v006,Northeast
h030v007,East
h031v003,Northeast
h031v004,Northeast
h031v006,Northeast
h032v003,Northeast
